City,Start Date,End Date,NDVI
"New York City, NY",2018-01-01,2018-01-15,0.9833389898994938
"Phoenix, AZ",2018-01-15,2018-01-15,0.9872361912857741
"Dallas, TX",2018-01-15,2018-01-15,0.9844280063152837
"Fort Worth, TX",2018-01-15,2018-01-15,0.9867576626129448
"Tucson, AZ",2018-01-15,2018-01-15,0.9873870613519102
"Arlington, TX",2018-01-15,2018-01-15,0.9872007940430194
"New York City, NY",2018-01-15,2018-01-29,0.9834860863629729
"El Paso, TX",2018-01-29,2018-01-29,0.9858956239186227
"Denver, CO",2018-01-29,2018-01-29,0.987415881594643
"San Diego, CA",2018-01-29,2018-01-29,0.9884374886751175
"Houston, TX",2018-01-29,2018-01-29,0.9875113535672426
"Indianapolis, IN",2018-02-12,2018-02-12,0.988109793048352
"Seattle, WA",2018-02-12,2018-02-12,0.9890841692686081
"Denver, CO",2018-02-26,2018-02-26,0.9864102753344923
"Kansas City, MO",2018-02-26,2018-02-26,0.9870220755692571
"New York City, NY",2018-02-26,2018-03-12,0.9834022493450902
"Milwaukee, WI",2018-03-12,2018-03-12,0.9844266435466125
"New York City, NY",2018-03-12,2018-03-26,0.9832613201579079
"Memphis, TN",2018-03-12,2018-03-12,0.9880689715500921
"Austin, TX",2018-03-26,2018-03-26,0.9884274224750698
"Columbus, OH",2018-03-26,2018-03-26,0.9886268735863268
"San Francisco, CA",2018-03-26,2018-03-26,0.9849604113842361
"Boston, MA",2018-03-26,2018-03-26,0.9862935030832887
"Detroit, MI",2018-03-26,2018-03-26,0.9872102949302644
"Tucson, AZ",2018-03-26,2018-03-26,0.9867845019325614
"Sacramento, CA",2018-03-26,2018-03-26,0.9891948536969721
"Phoenix, AZ",2018-03-26,2018-03-26,0.9867552416399121
"San Jose, CA",2018-03-26,2018-03-26,0.9886817783117294
"Mesa, AZ",2018-03-26,2018-03-26,0.9874228478875011
"Oakland, CA",2018-03-26,2018-03-26,0.9884227495640516
"Tempe, AZ",2018-03-26,2018-03-26,0.9873385336250067
"Colorado Springs, CO",2018-04-09,2018-04-09,0.9862051501404494
"Tampa, FL",2018-04-09,2018-04-09,0.9868757610674948
"New York City, NY",2018-04-09,2018-04-23,0.9841761219577165
"Tempe, AZ",2018-04-23,2018-04-23,0.9873065673746169
"Boston, MA",2018-04-23,2018-04-23,0.9860999493394047
"Mesa, AZ",2018-04-23,2018-04-23,0.9873456978239119
"Seattle, WA",2018-04-23,2018-04-23,0.9897178807295859
"New York City, NY",2018-04-23,2018-05-07,0.9849855421925895
"Phoenix, AZ",2018-04-23,2018-04-23,0.9869078891351819
"Portland, OR",2018-04-23,2018-04-23,0.9900897108018398
"Austin, TX",2018-05-07,2018-05-07,0.989877144806087
"Fresno, CA",2018-05-07,2018-05-07,0.9883025507442653
"Kansas City, MO",2018-05-07,2018-05-07,0.989806548692286
"Minneapolis, MN",2018-05-07,2018-05-07,0.987568783108145
"Bakersfield, CA",2018-05-07,2018-05-07,0.9876556906383485
"Arlington, TX",2018-05-07,2018-05-07,0.9908999688923359
"New York City, NY",2018-05-07,2018-05-21,0.9852407151483931
"Houston, TX",2018-05-07,2018-05-07,0.9894347889348865
"Philadelphia, PA",2018-05-21,2018-05-21,0.9866408712696284
"Washington, DC",2018-05-21,2018-05-21,0.9862582561327145
"Baltimore, MD",2018-05-21,2018-05-21,0.9885159586556256
"Tempe, AZ",2018-06-04,2018-06-04,0.9872704667504877
"Columbus, OH",2018-06-04,2018-06-04,0.9918798534199595
"Wichita, KS",2018-06-04,2018-06-04,0.9907925957813859
"Atlanta, GA",2018-06-04,2018-06-04,0.9910466778092086
"Mesa, AZ",2018-06-04,2018-06-04,0.987404658459127
"San Jose, CA",2018-06-04,2018-06-04,0.9883736101910472
"New York City, NY",2018-06-04,2018-06-18,0.9852170191006735
"Sacramento, CA",2018-06-04,2018-06-04,0.9899319312535226
"Phoenix, AZ",2018-06-04,2018-06-04,0.9867922959383577
"Tucson, AZ",2018-06-04,2018-06-04,0.9867900335229933
"Oakland, CA",2018-06-04,2018-06-04,0.9883213243447244
"San Francisco, CA",2018-06-04,2018-06-04,0.985582479275763
"Detroit, MI",2018-06-04,2018-06-04,0.9894910235889256
"Jacksonville, FL",2018-06-18,2018-06-18,0.9874284181278199
"Washington, DC",2018-06-18,2018-06-18,0.987108880886808
"El Paso, TX",2018-06-18,2018-06-18,0.9859479046426713
"Albuquerque, NM",2018-06-18,2018-06-18,0.9871547317598015
"Colorado Springs, CO",2018-06-18,2018-06-18,0.9893412929959595
"Long Beach, CA",2018-06-18,2018-06-18,0.9844845022234949
"Bakersfield, CA",2018-06-18,2018-06-18,0.9875106019899249
"Los Angeles, CA",2018-06-18,2018-06-18,0.9853185139363632
"San Diego, CA",2018-06-18,2018-06-18,0.9876430139411241
"New York City, NY",2018-06-18,2018-07-02,0.9858793884050101
"New York City, NY",2018-07-02,2018-07-16,0.9860620005056262
"Tempe, AZ",2018-07-02,2018-07-02,0.9873005978297442
"Boston, MA",2018-07-02,2018-07-02,0.9872332382947206
"Mesa, AZ",2018-07-02,2018-07-02,0.9873543146532029
"Phoenix, AZ",2018-07-02,2018-07-02,0.9866873030550778
"Houston, TX",2018-07-16,2018-07-16,0.9884996553882957
"Dallas, TX",2018-07-16,2018-07-16,0.9883638205938041
"Colorado Springs, CO",2018-07-16,2018-07-16,0.9871295704506338
"Kansas City, MO",2018-07-16,2018-07-16,0.9891680437140167
"Albuquerque, NM",2018-07-16,2018-07-16,0.986102283000946
"Fresno, CA",2018-07-16,2018-07-16,0.9877998095471412
"Denver, CO",2018-07-16,2018-07-16,0.9892994980327785
"Austin, TX",2018-07-16,2018-07-16,0.9900659588165581
"Minneapolis, MN",2018-07-16,2018-07-16,0.9892898006364703
"Arlington, TX",2018-07-16,2018-07-16,0.9896698496304452
"New York City, NY",2018-07-16,2018-07-30,0.9852077719988301
"Seattle, WA",2018-07-30,2018-07-30,0.9890776411630213
"Portland, OR",2018-07-30,2018-07-30,0.9897954743355513
"New York City, NY",2018-07-30,2018-08-13,0.9841427148057846
"Detroit, MI",2018-08-13,2018-08-13,0.9856844982132316
"Tucson, AZ",2018-08-13,2018-08-13,0.9865250275470316
"New York City, NY",2018-08-13,2018-08-27,0.9854630603222176
"Phoenix, AZ",2018-08-13,2018-08-13,0.9865480358712375
"Atlanta, GA",2018-08-13,2018-08-13,0.9907050863839686
"Columbus, OH",2018-08-13,2018-08-13,0.9909542542882264
"Sacramento, CA",2018-08-13,2018-08-13,0.9893046095967293
"Tempe, AZ",2018-08-13,2018-08-13,0.9870105788577348
"Omaha, NE",2018-08-13,2018-08-13,0.9893377204425633
"Mesa, AZ",2018-08-13,2018-08-13,0.9871403616853058
"Minneapolis, MN",2018-08-13,2018-08-13,0.9889011951163411
"Los Angeles, CA",2018-08-27,2018-08-27,0.9861565838800743
"Denver, CO",2018-08-27,2018-08-27,0.9895835723727942
"Washington, DC",2018-08-27,2018-08-27,0.9855522845173255
"El Paso, TX",2018-08-27,2018-08-27,0.9859042160678655
"Colorado Springs, CO",2018-08-27,2018-08-27,0.9906549798324704
"Raleigh, NC",2018-08-27,2018-08-27,0.9927223101258278
"Long Beach, CA",2018-08-27,2018-08-27,0.9867142655421048
"Bakersfield, CA",2018-08-27,2018-08-27,0.9875229075551033
"Tampa, FL",2018-08-27,2018-08-27,0.989668991882354
"New York City, NY",2018-08-27,2018-09-10,0.9852414508350194
"Tempe, AZ",2018-09-10,2018-09-10,0.9871569722890854
"Phoenix, AZ",2018-09-10,2018-09-10,0.9866460999473929
"Mesa, AZ",2018-09-10,2018-09-10,0.9871152574196458
"Albuquerque, NM",2018-09-24,2018-09-24,0.9871048054192215
"New York City, NY",2018-09-24,2018-10-08,0.984584158679354
"San Diego, CA",2018-10-08,2018-10-08,0.9874914744868875
"Las Vegas, NV",2018-10-08,2018-10-08,0.9864957546815276
"Memphis, TN",2018-10-08,2018-10-08,0.9901751088909805
"Sacramento, CA",2018-10-22,2018-10-22,0.9894508714787662
"Phoenix, AZ",2018-10-22,2018-10-22,0.9871304766274989
"Boston, MA",2018-10-22,2018-10-22,0.988083875272423
"Kansas City, MO",2018-10-22,2018-10-22,0.9896129774861038
"Omaha, NE",2018-10-22,2018-10-22,0.9893562807701528
"Minneapolis, MN",2018-10-22,2018-10-22,0.9885036377236247
"Wichita, KS",2018-10-22,2018-10-22,0.9900965071283281
"New York City, NY",2018-10-22,2018-11-05,0.9848017435288057
"Los Angeles, CA",2018-11-05,2018-11-05,0.9865539972670376
"Denver, CO",2018-11-05,2018-11-05,0.9881245214492083
"El Paso, TX",2018-11-05,2018-11-05,0.986464423360303
"Albuquerque, NM",2018-11-05,2018-11-05,0.9868775103241205
"Colorado Springs, CO",2018-11-05,2018-11-05,0.9888126747682691
"Long Beach, CA",2018-11-05,2018-11-05,0.9871543049812317
"Bakersfield, CA",2018-11-05,2018-11-05,0.9870809817221016
"Phoenix, AZ",2018-11-19,2018-11-19,0.9880706218536943
"Seattle, WA",2018-11-19,2018-11-19,0.9890521401539445
"Portland, OR",2018-11-19,2018-11-19,0.9892162838950753
"Mesa, AZ",2018-11-19,2018-11-19,0.9883588058874011
"Tempe, AZ",2018-11-19,2018-11-19,0.9884249679744244
"New York City, NY",2018-11-19,2018-12-03,0.9845001656649401
"Bakersfield, CA",2018-12-03,2018-12-03,0.9876151115167886
"Fresno, CA",2018-12-03,2018-12-03,0.9881104335654527
"New York City, NY",2018-12-03,2018-12-17,0.9845093614421785
"Austin, TX",2018-12-03,2018-12-03,0.9885527030564845
"Houston, TX",2018-12-03,2018-12-03,0.988758591003716
"Denver, CO",2018-12-03,2018-12-03,0.9844357170441072
"New York City, NY",2018-12-17,2018-12-31,0.9833627451444045
"Raleigh, NC",2018-12-17,2018-12-17,0.9905400099232793
"Miami, FL",2018-12-17,2018-12-17,0.9805809461977333
"Virginia Beach, VA",2018-12-17,2018-12-17,0.9907799731008708
"Milwaukee, WI",2018-12-17,2018-12-17,0.9813103957567364
"San Diego, CA",2018-12-17,2018-12-17,0.9861870927270502
"Chicago, IL",2018-12-17,2018-12-17,0.9818013980984688
"Memphis, TN",2018-12-17,2018-12-17,0.9888367825187743
"San Jose, CA",2018-12-31,2018-12-31,0.9888345864601433
"San Francisco, CA",2018-12-31,2018-12-31,0.9851895550382324
"Sacramento, CA",2018-12-31,2018-12-31,0.9892460266128182
"Washington, DC",2019-01-14,2019-01-14,0.9845235093671363
"El Paso, TX",2019-01-14,2019-01-14,0.9857726218178868
"New York City, NY",2019-01-14,2019-01-28,0.9844871221139329
"Tempe, AZ",2019-01-28,2019-01-28,0.9873527607414871
"New York City, NY",2019-01-28,2019-02-11,0.9839649304340128
"Mesa, AZ",2019-01-28,2019-01-28,0.9872782023157924
"Phoenix, AZ",2019-01-28,2019-01-28,0.9869740481954068
"Fresno, CA",2019-02-11,2019-02-11,0.9888149411417544
"Colorado Springs, CO",2019-02-11,2019-02-11,0.9875311274081469
"Bakersfield, CA",2019-02-11,2019-02-11,0.9880428647156805
"San Diego, CA",2019-02-25,2019-02-25,0.9881748103071004
"Washington, DC",2019-02-25,2019-02-25,0.9868811008054763
"Raleigh, NC",2019-02-25,2019-02-25,0.9902080926112831
"Miami, FL",2019-02-25,2019-02-25,0.9835689557367004
"Seattle, WA",2019-02-25,2019-02-25,0.9891528403386474
"New York City, NY",2019-02-25,2019-03-11,0.9829796482808888
"Philadelphia, PA",2019-02-25,2019-02-25,0.985250846715644
"San Jose, CA",2019-03-11,2019-03-11,0.9887377037666738
"San Francisco, CA",2019-03-11,2019-03-11,0.9845544085692381
"Tucson, AZ",2019-03-11,2019-03-11,0.9868301092647016
"Sacramento, CA",2019-03-11,2019-03-11,0.9888372025452554
"Kansas City, MO",2019-03-11,2019-03-11,0.9871831794735044
"Oakland, CA",2019-03-11,2019-03-11,0.9884359897114336
"New York City, NY",2019-03-11,2019-03-25,0.9840392940677702
"Bakersfield, CA",2019-03-25,2019-03-25,0.9881105234380811
"New York City, NY",2019-03-25,2019-04-08,0.9836194250965491
"Long Beach, CA",2019-03-25,2019-03-25,0.9873509907629341
"Colorado Springs, CO",2019-03-25,2019-03-25,0.9872576980851591
"Tampa, FL",2019-03-25,2019-03-25,0.9889702508226037
"Los Angeles, CA",2019-03-25,2019-03-25,0.9869971566367894
"Jacksonville, FL",2019-03-25,2019-03-25,0.9867782385554165
"Denver, CO",2019-03-25,2019-03-25,0.9864983002189547
"San Diego, CA",2019-03-25,2019-03-25,0.9887203434482217
"Phoenix, AZ",2019-04-08,2019-04-08,0.9872046310920268
"Mesa, AZ",2019-04-08,2019-04-08,0.9877012860961258
"Tempe, AZ",2019-04-08,2019-04-08,0.9876483574043959
"New York City, NY",2019-04-08,2019-04-22,0.98479433634202
"Bakersfield, CA",2019-04-22,2019-04-22,0.9875730436760932
"New York City, NY",2019-04-22,2019-05-06,0.9838493496063165
"Charlotte, NC",2019-04-22,2019-04-22,0.9913986008614302
"Houston, TX",2019-04-22,2019-04-22,0.9892899831756949
"Fresno, CA",2019-04-22,2019-04-22,0.9883652525022626
"New York City, NY",2019-05-06,2019-05-20,0.9859737321967259
"Seattle, WA",2019-05-06,2019-05-06,0.9897361011244357
"Portland, OR",2019-05-06,2019-05-06,0.9901742865331471
"Las Vegas, NV",2019-05-06,2019-05-06,0.9863523577805609
"Memphis, TN",2019-05-06,2019-05-06,0.9861637636786327
"Raleigh, NC",2019-05-06,2019-05-06,0.9924683514982462
"New York City, NY",2019-05-20,2019-06-03,0.985901985433884
"Minneapolis, MN",2019-05-20,2019-05-20,0.9885832006111741
"Boston, MA",2019-05-20,2019-05-20,0.9838458705926314
"Denver, CO",2019-06-03,2019-06-03,0.9889369043521583
"Houston, TX",2019-06-03,2019-06-03,0.9880147064104676
"Albuquerque, NM",2019-06-03,2019-06-03,0.9871627788525075
"Colorado Springs, CO",2019-06-03,2019-06-03,0.9872929789125919
"Jacksonville, FL",2019-06-03,2019-06-03,0.9872730902861804
"New York City, NY",2019-06-03,2019-06-17,0.9859305614372715
"Washington, DC",2019-06-03,2019-06-03,0.988902875687927
"El Paso, TX",2019-06-03,2019-06-03,0.9857822341145948
"Tampa, FL",2019-06-03,2019-06-03,0.9865889889188111
"Raleigh, NC",2019-06-03,2019-06-03,0.9928004462271929
"Bakersfield, CA",2019-06-03,2019-06-03,0.9874565443024039
"Mesa, AZ",2019-06-17,2019-06-17,0.9872930385172367
"Tempe, AZ",2019-06-17,2019-06-17,0.9872560782823712
"New York City, NY",2019-06-17,2019-07-01,0.9855784749379382
"Phoenix, AZ",2019-06-17,2019-06-17,0.9867580137215555
"Houston, TX",2019-07-01,2019-07-01,0.9890600899234414
"Dallas, TX",2019-07-01,2019-07-01,0.9876104150898755
"Austin, TX",2019-07-01,2019-07-01,0.9905001353472471
"Kansas City, MO",2019-07-01,2019-07-01,0.9900554697960615
"Fresno, CA",2019-07-01,2019-07-01,0.9882616729009897
"Denver, CO",2019-07-01,2019-07-01,0.9892974756658077
"Bakersfield, CA",2019-07-01,2019-07-01,0.9875159796793014
"Arlington, TX",2019-07-01,2019-07-01,0.9848988947924227
"New York City, NY",2019-07-01,2019-07-15,0.986292215064168
"New York City, NY",2019-07-15,2019-07-29,0.9859752499032766
"Virginia Beach, VA",2019-07-15,2019-07-15,0.9929834557697177
"Raleigh, NC",2019-07-15,2019-07-15,0.9924601502716541
"Milwaukee, WI",2019-07-15,2019-07-15,0.9862082075560465
"Las Vegas, NV",2019-07-15,2019-07-15,0.9862888808129355
"Washington, DC",2019-07-15,2019-07-15,0.9885929403826594
"San Diego, CA",2019-07-15,2019-07-15,0.9877335401251912
"Philadelphia, PA",2019-07-15,2019-07-15,0.9870426245033741
"Chicago, IL",2019-07-15,2019-07-15,0.9856746044242755
"Austin, TX",2019-07-29,2019-07-29,0.9889423651620746
"Boston, MA",2019-07-29,2019-07-29,0.9872105752583593
"Oklahoma City, OK",2019-07-29,2019-07-29,0.9888606085442007
"New York City, NY",2019-07-29,2019-08-12,0.9849905936862342
"San Antonio, TX",2019-07-29,2019-07-29,0.9886498190462589
"Sacramento, CA",2019-07-29,2019-07-29,0.989746579900384
"Kansas City, MO",2019-07-29,2019-07-29,0.990279839374125
"Omaha, NE",2019-07-29,2019-07-29,0.9900782955810428
"Wichita, KS",2019-07-29,2019-07-29,0.9904490625485778
"Houston, TX",2019-08-12,2019-08-12,0.9878666794393212
"Jacksonville, FL",2019-08-12,2019-08-12,0.9866673755459487
"Denver, CO",2019-08-12,2019-08-12,0.9896268299780786
"Washington, DC",2019-08-12,2019-08-12,0.9880886937025934
"El Paso, TX",2019-08-12,2019-08-12,0.9853867704514414
"Albuquerque, NM",2019-08-12,2019-08-12,0.9871586814988405
"Colorado Springs, CO",2019-08-12,2019-08-12,0.9900199365802109
"New York City, NY",2019-08-12,2019-08-26,0.9857059555361047
"Phoenix, AZ",2019-08-26,2019-08-26,0.9863422766793519
"Seattle, WA",2019-08-26,2019-08-26,0.9898754423484206
"Boston, MA",2019-08-26,2019-08-26,0.9878096752800047
"Portland, OR",2019-08-26,2019-08-26,0.9903505211696029
"Mesa, AZ",2019-08-26,2019-08-26,0.9870852956082672
"Tempe, AZ",2019-08-26,2019-08-26,0.9869742889422923
"New York City, NY",2019-08-26,2019-09-09,0.9857745154295117
"Bakersfield, CA",2019-09-09,2019-09-09,0.9874230164568871
"Colorado Springs, CO",2019-09-09,2019-09-09,0.9903659331612289
"Fresno, CA",2019-09-09,2019-09-09,0.9881835323758423
"Albuquerque, NM",2019-09-09,2019-09-09,0.9866709157358855
"Arlington, TX",2019-09-09,2019-09-09,0.9882395090535283
"Charlotte, NC",2019-09-09,2019-09-09,0.9905934254638851
"Austin, TX",2019-09-09,2019-09-09,0.9866330022923648
"Dallas, TX",2019-09-09,2019-09-09,0.9872424234636128
"Houston, TX",2019-09-09,2019-09-09,0.9889677334576845
"Denver, CO",2019-09-09,2019-09-09,0.9899104344658554
"Milwaukee, WI",2019-09-23,2019-09-23,0.9864611311350018
"New York City, NY",2019-09-23,2019-10-07,0.9851989196613431
"Chicago, IL",2019-09-23,2019-09-23,0.985726353013888
"San Diego, CA",2019-09-23,2019-09-23,0.9877395399380475
"Arlington, TX",2019-10-07,2019-10-07,0.9901393530890346
"Minneapolis, MN",2019-10-07,2019-10-07,0.9893292570486665
"Oklahoma City, OK",2019-10-07,2019-10-07,0.9899262143298984
"Phoenix, AZ",2019-10-07,2019-10-07,0.9870437537319958
"Dallas, TX",2019-10-07,2019-10-07,0.9888110575266182
"New York City, NY",2019-10-07,2019-10-21,0.9848659312119707
"Wichita, KS",2019-10-07,2019-10-07,0.9909686436876655
"Kansas City, MO",2019-10-07,2019-10-07,0.9905700744129717
"San Francisco, CA",2019-10-07,2019-10-07,0.9846570649533533
"Tucson, AZ",2019-10-07,2019-10-07,0.9871083865873516
"Austin, TX",2019-10-07,2019-10-07,0.9894354371353984
"San Jose, CA",2019-10-07,2019-10-07,0.9884494943544269
"Mesa, AZ",2019-10-07,2019-10-07,0.9878367562778294
"Tempe, AZ",2019-10-07,2019-10-07,0.9877567279618233
"Omaha, NE",2019-10-07,2019-10-07,0.9901938969269395
"Fort Worth, TX",2019-10-07,2019-10-07,0.9887640848755836
"Oakland, CA",2019-10-07,2019-10-07,0.9881027124356478
"Los Angeles, CA",2019-10-21,2019-10-21,0.986662132665515
"San Diego, CA",2019-10-21,2019-10-21,0.9878345371689647
"Denver, CO",2019-10-21,2019-10-21,0.9888195525854826
"Albuquerque, NM",2019-10-21,2019-10-21,0.9873391257133335
"El Paso, TX",2019-10-21,2019-10-21,0.9863718759734184
"Washington, DC",2019-10-21,2019-10-21,0.988166231662035
"Colorado Springs, CO",2019-10-21,2019-10-21,0.986602357821539
"Long Beach, CA",2019-10-21,2019-10-21,0.987032814649865
"Bakersfield, CA",2019-10-21,2019-10-21,0.9874356305226684
"Tempe, AZ",2019-11-04,2019-11-04,0.9878392168320715
"Mesa, AZ",2019-11-04,2019-11-04,0.987739012343809
"New York City, NY",2019-11-04,2019-11-18,0.9846013277710881
"Boston, MA",2019-11-04,2019-11-04,0.9868138148449361
"Phoenix, AZ",2019-11-04,2019-11-04,0.9870646067429334
"Louisville, KY",2019-11-04,2019-11-04,0.9877820303663611
"Austin, TX",2019-11-18,2019-11-18,0.9898182316683233
"Denver, CO",2019-11-18,2019-11-18,0.9880307600833476
"Albuquerque, NM",2019-11-18,2019-11-18,0.9863736357074231
"Fresno, CA",2019-11-18,2019-11-18,0.9875016682781279
"Colorado Springs, CO",2019-11-18,2019-11-18,0.9879996152594686
"Bakersfield, CA",2019-11-18,2019-11-18,0.9872627255972475
"Arlington, TX",2019-11-18,2019-11-18,0.9892413532361388
"Houston, TX",2019-11-18,2019-11-18,0.9889986403286457
"Dallas, TX",2019-11-18,2019-11-18,0.9882716157007962
"Raleigh, NC",2019-12-02,2019-12-02,0.9904635357670486
"New York City, NY",2019-12-02,2019-12-16,0.9842761908948887
"San Diego, CA",2019-12-02,2019-12-02,0.9876865891274065
"Portland, OR",2019-12-02,2019-12-02,0.9895884818397462
"Phoenix, AZ",2019-12-16,2019-12-16,0.9875873371493071
"San Jose, CA",2019-12-16,2019-12-16,0.9886372219771147
"San Francisco, CA",2019-12-16,2019-12-16,0.9844887117287726
"Sacramento, CA",2019-12-16,2019-12-16,0.9889991013333201
"Mesa, AZ",2019-12-16,2019-12-16,0.9882945478893816
"Oakland, CA",2019-12-16,2019-12-16,0.9883267902769148
"Tempe, AZ",2019-12-16,2019-12-16,0.9882472055032849
"New York City, NY",2019-12-16,2019-12-30,0.9834003051510081
"Denver, CO",2019-12-30,2019-12-30,0.9853777344105765
"Houston, TX",2019-12-30,2019-12-30,0.9886406324803829
"Mesa, AZ",2020-01-13,2020-01-13,0.9880862401332706
"Tempe, AZ",2020-01-13,2020-01-13,0.9881168650463223
"New York City, NY",2020-01-13,2020-01-27,0.984108547156211
"Bakersfield, CA",2020-01-27,2020-01-27,0.9879072986077517
"Virginia Beach, VA",2020-02-10,2020-02-10,0.989642112981528
"New York City, NY",2020-02-10,2020-02-24,0.9833619373384863
"Tempe, AZ",2020-02-24,2020-02-24,0.9877481071744114
"Oakland, CA",2020-02-24,2020-02-24,0.9881654740311205
"Mesa, AZ",2020-02-24,2020-02-24,0.9879202337469906
"Sacramento, CA",2020-02-24,2020-02-24,0.9890609825961292
"New York City, NY",2020-02-24,2020-03-09,0.9843047046233551
"Arlington, TX",2020-02-24,2020-02-24,0.9894413063302636
"San Jose, CA",2020-02-24,2020-02-24,0.9883341710083187
"Dallas, TX",2020-02-24,2020-02-24,0.9881575591862202
"Tucson, AZ",2020-02-24,2020-02-24,0.9871526905335486
"Phoenix, AZ",2020-02-24,2020-02-24,0.9872028201352805
"Boston, MA",2020-02-24,2020-02-24,0.9855351289734244
"San Francisco, CA",2020-02-24,2020-02-24,0.984511443937663
"San Diego, CA",2020-03-09,2020-03-09,0.9886218644678593
"Denver, CO",2020-03-09,2020-03-09,0.9871639008633792
"Washington, DC",2020-03-09,2020-03-09,0.9870031524915248
"El Paso, TX",2020-03-09,2020-03-09,0.9862219644710422
"Colorado Springs, CO",2020-03-09,2020-03-09,0.9872816286515445
"Raleigh, NC",2020-03-09,2020-03-09,0.9904133123345673
"Tampa, FL",2020-03-09,2020-03-09,0.9882419870700687
"New York City, NY",2020-03-09,2020-03-23,0.9848253553209361
"Tempe, AZ",2020-03-23,2020-03-23,0.9877056716941297
"New York City, NY",2020-03-23,2020-04-06,0.9846705420641229
"New York City, NY",2020-04-06,2020-04-20,0.9848970313323662
"Colorado Springs, CO",2020-04-06,2020-04-06,0.9876044755801558
"Denver, CO",2020-04-06,2020-04-06,0.9877487469930202
"Chicago, IL",2020-04-20,2020-04-20,0.983187931124121
"Portland, OR",2020-04-20,2020-04-20,0.9901977949775755
"Las Vegas, NV",2020-04-20,2020-04-20,0.9863605203572661
"Memphis, TN",2020-04-20,2020-04-20,0.9904193305410445
"Milwaukee, WI",2020-04-20,2020-04-20,0.9849508877377957
"New York City, NY",2020-04-20,2020-05-04,0.9847244244301692
"Atlanta, GA",2020-05-04,2020-05-04,0.990404152777046
"Mesa, AZ",2020-05-04,2020-05-04,0.9875847536604851
"Tucson, AZ",2020-05-04,2020-05-04,0.9870238513685763
"New York City, NY",2020-05-04,2020-05-18,0.9854339876910672
"Oklahoma City, OK",2020-05-04,2020-05-04,0.9894215911626816
"Tempe, AZ",2020-05-04,2020-05-04,0.98750329320319
"Arlington, TX",2020-05-04,2020-05-04,0.9897586922161281
"Oakland, CA",2020-05-04,2020-05-04,0.9885925417765975
"Sacramento, CA",2020-05-04,2020-05-04,0.9901903532445431
"Columbus, OH",2020-05-04,2020-05-04,0.9913055198267102
"Austin, TX",2020-05-04,2020-05-04,0.9905817210674286
"San Jose, CA",2020-05-04,2020-05-04,0.9887466528452933
"Dallas, TX",2020-05-04,2020-05-04,0.9890023930929601
"Boston, MA",2020-05-04,2020-05-04,0.9863084031967446
"San Antonio, TX",2020-05-04,2020-05-04,0.9896518727764487
"Phoenix, AZ",2020-05-04,2020-05-04,0.9869073857553303
"San Francisco, CA",2020-05-04,2020-05-04,0.9855412784963846
"Fort Worth, TX",2020-05-04,2020-05-04,0.9897292125970125
"Colorado Springs, CO",2020-05-18,2020-05-18,0.9886863138526678
"Albuquerque, NM",2020-05-18,2020-05-18,0.987237649038434
"New York City, NY",2020-05-18,2020-06-01,0.9861626649508253
"Denver, CO",2020-05-18,2020-05-18,0.9887123391963542
"Houston, TX",2020-05-18,2020-05-18,0.9893241170793772
"El Paso, TX",2020-05-18,2020-05-18,0.9861839291406795
"Phoenix, AZ",2020-06-01,2020-06-01,0.9867089316248894
"Nashville, TN",2020-06-01,2020-06-01,0.9903317610733211
"Portland, OR",2020-06-01,2020-06-01,0.9910860382951796
"Mesa, AZ",2020-06-01,2020-06-01,0.9872591523453593
"Tempe, AZ",2020-06-01,2020-06-01,0.9871608458925039
"New York City, NY",2020-06-15,2020-06-29,0.9856730224564672
"Bakersfield, CA",2020-06-15,2020-06-15,0.9874570707324892
"Colorado Springs, CO",2020-06-15,2020-06-15,0.9895026385784149
"Houston, TX",2020-06-15,2020-06-15,0.9880017244722694
"Albuquerque, NM",2020-06-15,2020-06-15,0.9870510767214
"Austin, TX",2020-06-15,2020-06-15,0.9888843582011759
"Kansas City, MO",2020-06-15,2020-06-15,0.9897760036401451
"New York City, NY",2020-06-29,2020-07-13,0.9850023157778196
"Milwaukee, WI",2020-06-29,2020-06-29,0.9864766807295382
"Virginia Beach, VA",2020-06-29,2020-06-29,0.9927809527143836
"Las Vegas, NV",2020-06-29,2020-06-29,0.9862401199061424
"Philadelphia, PA",2020-06-29,2020-06-29,0.985804597614333
"Baltimore, MD",2020-06-29,2020-06-29,0.9887070255354047
"San Antonio, TX",2020-07-13,2020-07-13,0.9892705217935145
"Dallas, TX",2020-07-13,2020-07-13,0.9889720985665917
"Austin, TX",2020-07-13,2020-07-13,0.9902654024772346
"Fort Worth, TX",2020-07-13,2020-07-13,0.989927526563406
"Sacramento, CA",2020-07-13,2020-07-13,0.989262584131211
"Atlanta, GA",2020-07-13,2020-07-13,0.9899244070984423
"Omaha, NE",2020-07-13,2020-07-13,0.9894589050672948
"Arlington, TX",2020-07-13,2020-07-13,0.9909308278001845
"Wichita, KS",2020-07-13,2020-07-13,0.9905076096765697
"New York City, NY",2020-07-13,2020-07-27,0.9860981253441423
"Kansas City, MO",2020-07-13,2020-07-13,0.9899909729138017
"Tampa, FL",2020-07-27,2020-07-27,0.9883372029289603
"Bakersfield, CA",2020-07-27,2020-07-27,0.9874494415707886
"New York City, NY",2020-07-27,2020-08-10,0.9852208200027235
"Raleigh, NC",2020-07-27,2020-07-27,0.9918667799793184
"Charlotte, NC",2020-07-27,2020-07-27,0.988843772560358
"Washington, DC",2020-07-27,2020-07-27,0.9881695578806102
"Denver, CO",2020-07-27,2020-07-27,0.9895527944900095
"Jacksonville, FL",2020-07-27,2020-07-27,0.9867141682188958
"Phoenix, AZ",2020-08-10,2020-08-10,0.986693590413779
"Indianapolis, IN",2020-08-10,2020-08-10,0.9854494911851361
"Seattle, WA",2020-08-10,2020-08-10,0.9896646472625434
"Boston, MA",2020-08-10,2020-08-10,0.9868567858356982
"Nashville, TN",2020-08-10,2020-08-10,0.9893331634812057
"Portland, OR",2020-08-10,2020-08-10,0.9903486887924373
"Mesa, AZ",2020-08-10,2020-08-10,0.9872058858163655
"Tempe, AZ",2020-08-10,2020-08-10,0.9864939427934587
"New York City, NY",2020-08-10,2020-08-24,0.9852208200027235
"Arlington, TX",2020-08-24,2020-08-24,0.9897790937684476
"Bakersfield, CA",2020-08-24,2020-08-24,0.9871967388316989
"Minneapolis, MN",2020-08-24,2020-08-24,0.9893874935805798
"Colorado Springs, CO",2020-08-24,2020-08-24,0.9888983950950205
"New York City, NY",2020-08-24,2020-09-07,0.9853615693282336
"Fresno, CA",2020-08-24,2020-08-24,0.9865768135059625
"Dallas, TX",2020-08-24,2020-08-24,0.9889563615433872
"Albuquerque, NM",2020-08-24,2020-08-24,0.9868143936619163
"Kansas City, MO",2020-08-24,2020-08-24,0.9898117044940591
"Denver, CO",2020-08-24,2020-08-24,0.988206033827737
"Memphis, TN",2020-09-07,2020-09-07,0.9908607522957027
"New York City, NY",2020-09-07,2020-09-21,0.9853033327963203
"San Diego, CA",2020-09-07,2020-09-07,0.9868855013046414
"Portland, OR",2020-09-07,2020-09-07,0.9903039820492268
"New York City, NY",2020-09-21,2020-10-05,0.985864611226134
"Detroit, MI",2020-09-21,2020-09-21,0.9896887289360166
"Wichita, KS",2020-09-21,2020-09-21,0.9888338032178581
"Tucson, AZ",2020-09-21,2020-09-21,0.9866471278946847
"Oakland, CA",2020-09-21,2020-09-21,0.9875826376955956
"Mesa, AZ",2020-09-21,2020-09-21,0.9855196890421212
"Atlanta, GA",2020-09-21,2020-09-21,0.9908522358164191
"San Francisco, CA",2020-09-21,2020-09-21,0.9841795684333192
"Tempe, AZ",2020-09-21,2020-09-21,0.9865793231874704
"San Jose, CA",2020-09-21,2020-09-21,0.9880752847529948
"Sacramento, CA",2020-09-21,2020-09-21,0.9890884426422417
"Oklahoma City, OK",2020-09-21,2020-09-21,0.9895748142153025
"Kansas City, MO",2020-09-21,2020-09-21,0.9901241180486977
"Boston, MA",2020-09-21,2020-09-21,0.9877544527407736
"Omaha, NE",2020-09-21,2020-09-21,0.9870308495592326
"Columbus, OH",2020-09-21,2020-09-21,0.9920190288685262
"Minneapolis, MN",2020-09-21,2020-09-21,0.9883114420808852
"Raleigh, NC",2020-10-05,2020-10-05,0.9931408930569887
"El Paso, TX",2020-10-05,2020-10-05,0.9860881046624854
"Colorado Springs, CO",2020-10-05,2020-10-05,0.9895660718902946
"Charlotte, NC",2020-10-05,2020-10-05,0.9910737993195653
"Denver, CO",2020-10-05,2020-10-05,0.9898234759457409
"Washington, DC",2020-10-05,2020-10-05,0.9886680855415761
"Albuquerque, NM",2020-10-05,2020-10-05,0.9871547899674624
"Phoenix, AZ",2020-10-19,2020-10-19,0.9870624027680606
"Arlington, TX",2020-11-02,2020-11-02,0.9906134838238358
"Bakersfield, CA",2020-11-02,2020-11-02,0.9873153679072857
"Charlotte, NC",2020-11-02,2020-11-02,0.9910376318730414
"Colorado Springs, CO",2020-11-02,2020-11-02,0.9885754152201116
"Austin, TX",2020-11-02,2020-11-02,0.9900109218433499
"New York City, NY",2020-11-02,2020-11-16,0.9843622199823585
"Dallas, TX",2020-11-02,2020-11-02,0.9892958654090762
"Houston, TX",2020-11-02,2020-11-02,0.9894379954785109
"Denver, CO",2020-11-02,2020-11-02,0.988658525981009
"Raleigh, NC",2020-11-16,2020-11-16,0.9920385549776256
"Miami, FL",2020-11-16,2020-11-16,0.9836665320908651
"Virginia Beach, VA",2020-11-16,2020-11-16,0.9921800177544355
"New York City, NY",2020-11-16,2020-11-30,0.9849281881470233
"New York City, NY",2020-11-30,2020-12-14,0.9833493800833821
"Arlington, TX",2020-11-30,2020-11-30,0.9898396250791848
"Omaha, NE",2020-11-30,2020-11-30,0.9882311252877116
"Kansas City, MO",2020-11-30,2020-11-30,0.9885135106742382
"Sacramento, CA",2020-11-30,2020-11-30,0.988775301259011
"Oakland, CA",2020-11-30,2020-11-30,0.9878949373960495
"San Francisco, CA",2020-11-30,2020-11-30,0.9846425543073565
"Fort Worth, TX",2020-11-30,2020-11-30,0.98892158921808
"Austin, TX",2020-11-30,2020-11-30,0.9893518970347941
"San Jose, CA",2020-11-30,2020-11-30,0.9881448438391089
"Dallas, TX",2020-11-30,2020-11-30,0.9888251079246402
"Oklahoma City, OK",2020-11-30,2020-11-30,0.9879549122415483
"Los Angeles, CA",2020-12-14,2020-12-14,0.9867763973306865
"El Paso, TX",2020-12-14,2020-12-14,0.9860511968145147
"Long Beach, CA",2020-12-14,2020-12-14,0.9869462449569255
"New York City, NY",2020-12-28,2021-01-11,0.9834546557976864
"Seattle, WA",2020-12-28,2020-12-28,0.9894209844060242
"Phoenix, AZ",2020-12-28,2020-12-28,0.9871967383660376
"Dallas, TX",2021-01-11,2021-01-11,0.9875389845110476
"Bakersfield, CA",2021-01-11,2021-01-11,0.9870204790495336
"Arlington, TX",2021-01-11,2021-01-11,0.9883502600714564
"New York City, NY",2021-01-11,2021-01-25,0.9836725709610619
"New York City, NY",2021-01-25,2021-02-08,0.9841074578871485
"Mesa, AZ",2021-02-08,2021-02-08,0.98754051188007
"Tempe, AZ",2021-02-08,2021-02-08,0.9876082404516637
"New York City, NY",2021-02-08,2021-02-22,0.9845301887544338
"Phoenix, AZ",2021-02-08,2021-02-08,0.9870864865370095
"Long Beach, CA",2021-02-22,2021-02-22,0.9874594886787236
"New York City, NY",2021-02-22,2021-03-08,0.9833325995132327
"Jacksonville, FL",2021-02-22,2021-02-22,0.9870704098138958
"Albuquerque, NM",2021-02-22,2021-02-22,0.986103493720293
"Colorado Springs, CO",2021-02-22,2021-02-22,0.9860689998604357
"Tampa, FL",2021-02-22,2021-02-22,0.9872600531671196
"Denver, CO",2021-02-22,2021-02-22,0.986399989342317
"Houston, TX",2021-02-22,2021-02-22,0.9872024022042751
"San Diego, CA",2021-02-22,2021-02-22,0.9884781236760318
"Bakersfield, CA",2021-02-22,2021-02-22,0.987189101986587
"Los Angeles, CA",2021-02-22,2021-02-22,0.9870860525406897
"Boston, MA",2021-03-08,2021-03-08,0.9859072256367654
"Nashville, TN",2021-03-08,2021-03-08,0.9879347013775259
"Mesa, AZ",2021-03-08,2021-03-08,0.9870639846194535
"Tempe, AZ",2021-03-08,2021-03-08,0.9871365940198302
"New York City, NY",2021-03-08,2021-03-22,0.9833373319124803
"Charlotte, NC",2021-03-22,2021-03-22,0.9890787354670465
"Fresno, CA",2021-03-22,2021-03-22,0.988395044580102
"Bakersfield, CA",2021-03-22,2021-03-22,0.9873783339280635
"New York City, NY",2021-03-22,2021-04-05,0.9849658833700232
"Raleigh, NC",2021-04-05,2021-04-05,0.990765901748091
"New York City, NY",2021-04-05,2021-04-19,0.9849658833700232
"Baltimore, MD",2021-04-05,2021-04-05,0.9877851342316717
"Virginia Beach, VA",2021-04-05,2021-04-05,0.9911350370384753
"Miami, FL",2021-04-05,2021-04-05,0.982813639100641
"Portland, OR",2021-04-05,2021-04-05,0.9891931684687734
"San Diego, CA",2021-04-05,2021-04-05,0.9880709149874747
"Philadelphia, PA",2021-04-05,2021-04-05,0.9859880970325321
"Memphis, TN",2021-04-05,2021-04-05,0.9891198263503611
"Washington, DC",2021-04-05,2021-04-05,0.9873933345079422
"Tempe, AZ",2021-04-19,2021-04-19,0.9873912783805281
"Wichita, KS",2021-04-19,2021-04-19,0.9893915741704404
"Atlanta, GA",2021-04-19,2021-04-19,0.9902677177451551
"New York City, NY",2021-04-19,2021-05-03,0.9851222467259504
"Mesa, AZ",2021-04-19,2021-04-19,0.9873735008295625
"Sacramento, CA",2021-04-19,2021-04-19,0.9899191749282181
"Tucson, AZ",2021-04-19,2021-04-19,0.9867149775382131
"Oklahoma City, OK",2021-04-19,2021-04-19,0.9885218301787972
"Boston, MA",2021-04-19,2021-04-19,0.9852019334211946
"Phoenix, AZ",2021-04-19,2021-04-19,0.9867857843637466
"Tampa, FL",2021-05-03,2021-05-03,0.988654715474695
"Bakersfield, CA",2021-05-03,2021-05-03,0.9876030164305121
"Long Beach, CA",2021-05-03,2021-05-03,0.986875181319192
"New York City, NY",2021-05-03,2021-05-17,0.9853691960452124
"El Paso, TX",2021-05-03,2021-05-03,0.9859791835770011
"Jacksonville, FL",2021-05-03,2021-05-03,0.9878597168717533
"San Diego, CA",2021-05-03,2021-05-03,0.9877844445873052
"Los Angeles, CA",2021-05-03,2021-05-03,0.9864616997074336
"Phoenix, AZ",2021-05-17,2021-05-17,0.9865641430951655
"Boston, MA",2021-05-17,2021-05-17,0.9873106421437114
"Mesa, AZ",2021-05-17,2021-05-17,0.9871697039343417
"Tempe, AZ",2021-05-17,2021-05-17,0.9871396000962704
"New York City, NY",2021-05-17,2021-05-31,0.9853983616922051
"Fresno, CA",2021-05-31,2021-05-31,0.9878364568576217
"Minneapolis, MN",2021-05-31,2021-05-31,0.9892215207219124
"Bakersfield, CA",2021-05-31,2021-05-31,0.9873702502809465
"New York City, NY",2021-05-31,2021-06-14,0.9854448029072955
"Milwaukee, WI",2021-06-14,2021-06-14,0.9860732946544886
"Memphis, TN",2021-06-14,2021-06-14,0.9909932496957481
"New York City, NY",2021-06-14,2021-06-28,0.9860152311157435
"San Diego, CA",2021-06-14,2021-06-14,0.9875771384686232
"Las Vegas, NV",2021-06-14,2021-06-14,0.9861979141132906
"Chicago, IL",2021-06-14,2021-06-14,0.986151579185389
"Phoenix, AZ",2021-06-28,2021-06-28,0.9864413444884121
"Tucson, AZ",2021-06-28,2021-06-28,0.9863290011417121
"Mesa, AZ",2021-06-28,2021-06-28,0.98704306432046
"Tempe, AZ",2021-06-28,2021-06-28,0.9869303372688591
"Tampa, FL",2021-07-12,2021-07-12,0.9886233732104301
"Bakersfield, CA",2021-07-12,2021-07-12,0.9872363870963454
"Colorado Springs, CO",2021-07-12,2021-07-12,0.9890479370951653
"Long Beach, CA",2021-07-12,2021-07-12,0.9861973830265924
"New York City, NY",2021-07-12,2021-07-26,0.9854917683405802
"Albuquerque, NM",2021-07-12,2021-07-12,0.986614593071863
"El Paso, TX",2021-07-12,2021-07-12,0.9861238721059635
"Washington, DC",2021-07-12,2021-07-12,0.9881384575273842
"Denver, CO",2021-07-12,2021-07-12,0.9883668655529618
"Los Angeles, CA",2021-07-12,2021-07-12,0.9859972366830334
"New York City, NY",2021-07-26,2021-08-09,0.9856235721381381
"Tempe, AZ",2021-07-26,2021-07-26,0.9867724303621799
"Indianapolis, IN",2021-07-26,2021-07-26,0.9902083459310234
"Seattle, WA",2021-07-26,2021-07-26,0.9893003553152084
"Portland, OR",2021-07-26,2021-07-26,0.990191113203764
"Dallas, TX",2021-08-09,2021-08-09,0.9886666834354401
"Denver, CO",2021-08-09,2021-08-09,0.9891396327875555
"Albuquerque, NM",2021-08-09,2021-08-09,0.9869713883381337
"Fresno, CA",2021-08-09,2021-08-09,0.9877904171589762
"Kansas City, MO",2021-08-09,2021-08-09,0.9895633067935705
"Colorado Springs, CO",2021-08-09,2021-08-09,0.9901256817393005
"Minneapolis, MN",2021-08-09,2021-08-09,0.9874570018146187
"Bakersfield, CA",2021-08-09,2021-08-09,0.9872513909358531
"Arlington, TX",2021-08-09,2021-08-09,0.990456166677177
"New York City, NY",2021-08-09,2021-08-23,0.9855805966071784
"Raleigh, NC",2021-08-23,2021-08-23,0.992600348778069
"Baltimore, MD",2021-08-23,2021-08-23,0.9884780626744032
"Memphis, TN",2021-08-23,2021-08-23,0.9904441903345287
"New York City, NY",2021-08-23,2021-09-06,0.9858086130116135
"Las Vegas, NV",2021-08-23,2021-08-23,0.9862261347007006
"Washington, DC",2021-08-23,2021-08-23,0.9883198337629437
"Seattle, WA",2021-08-23,2021-08-23,0.9888579654507339
"San Diego, CA",2021-08-23,2021-08-23,0.9871733144391328
"Arlington, TX",2021-09-06,2021-09-06,0.989422366488725
"Oakland, CA",2021-09-06,2021-09-06,0.987649044720456
"Mesa, AZ",2021-09-06,2021-09-06,0.9876264065969735
"Kansas City, MO",2021-09-06,2021-09-06,0.9901756709441543
"New York City, NY",2021-09-06,2021-09-20,0.9851782904006541
"Omaha, NE",2021-09-06,2021-09-06,0.9899412184022367
"Wichita, KS",2021-09-06,2021-09-06,0.9906927477568388
"Tempe, AZ",2021-09-06,2021-09-06,0.9872786877676845
"Tucson, AZ",2021-09-06,2021-09-06,0.9872993156313896
"Sacramento, CA",2021-09-06,2021-09-06,0.989047079347074
"Detroit, MI",2021-09-06,2021-09-06,0.9893844658508897
"Fort Worth, TX",2021-09-06,2021-09-06,0.9889599150046706
"San Francisco, CA",2021-09-06,2021-09-06,0.9849429025198333
"Columbus, OH",2021-09-06,2021-09-06,0.9920961414463818
"San Antonio, TX",2021-09-06,2021-09-06,0.9892832171171904
"Austin, TX",2021-09-06,2021-09-06,0.9894599751569331
"Oklahoma City, OK",2021-09-06,2021-09-06,0.9886220451444387
"San Jose, CA",2021-09-06,2021-09-06,0.9879065442364663
"Dallas, TX",2021-09-06,2021-09-06,0.9876146444585174
"Phoenix, AZ",2021-09-06,2021-09-06,0.986733419355005
"Houston, TX",2021-09-20,2021-09-20,0.9881813807878643
"San Diego, CA",2021-09-20,2021-09-20,0.9875640703830868
"Denver, CO",2021-09-20,2021-09-20,0.9899292383342981
"El Paso, TX",2021-09-20,2021-09-20,0.9863530492875725
"Colorado Springs, CO",2021-09-20,2021-09-20,0.984211569360923
"Long Beach, CA",2021-09-20,2021-09-20,0.9867343660444021
"Bakersfield, CA",2021-09-20,2021-09-20,0.987061322433874
"Los Angeles, CA",2021-09-20,2021-09-20,0.986239469377324
"New York City, NY",2021-09-20,2021-10-04,0.9849256169400178
"Tempe, AZ",2021-10-04,2021-10-04,0.9872888165991753
"Houston, TX",2021-10-18,2021-10-18,0.9896376263350248
"Arlington, TX",2021-10-18,2021-10-18,0.9907377045601606
"Minneapolis, MN",2021-10-18,2021-10-18,0.9887006129138172
"Colorado Springs, CO",2021-10-18,2021-10-18,0.9895177888683975
"Fresno, CA",2021-10-18,2021-10-18,0.9881541347131133
"New York City, NY",2021-10-18,2021-11-01,0.9848181154520717
"Denver, CO",2021-10-18,2021-10-18,0.9897416131570935
"Charlotte, NC",2021-10-18,2021-10-18,0.9910187656059861
"Dallas, TX",2021-10-18,2021-10-18,0.9892746550031006
"Albuquerque, NM",2021-10-18,2021-10-18,0.9870763132348657
"Philadelphia, PA",2021-11-01,2021-11-01,0.986391888698563
"Washington, DC",2021-11-01,2021-11-01,0.9885401530191302
"Baltimore, MD",2021-11-01,2021-11-01,0.9887738218531013
"Raleigh, NC",2021-11-01,2021-11-01,0.9926087781786919
"Virginia Beach, VA",2021-11-01,2021-11-01,0.9919670899398625
"Mesa, AZ",2021-11-15,2021-11-15,0.9879481112584472
"New York City, NY",2021-11-15,2021-11-29,0.9844728776224656
"Arlington, TX",2021-11-15,2021-11-15,0.9904449642635882
"Oklahoma City, OK",2021-11-15,2021-11-15,0.9887305479496717
"Tempe, AZ",2021-11-15,2021-11-15,0.9879909234587103
"Fort Worth, TX",2021-11-15,2021-11-15,0.9893505983054638
"Phoenix, AZ",2021-11-15,2021-11-15,0.9873251323588192
"Boston, MA",2021-11-15,2021-11-15,0.9858132492518052
"San Antonio, TX",2021-11-15,2021-11-15,0.9880687550175935
"Austin, TX",2021-11-15,2021-11-15,0.9863705905154347
"San Diego, CA",2021-11-29,2021-11-29,0.9888938060030341
"Jacksonville, FL",2021-11-29,2021-11-29,0.987343976739794
"El Paso, TX",2021-11-29,2021-11-29,0.9863303899765015
"Tampa, FL",2021-11-29,2021-11-29,0.9893119540065527
"Houston, TX",2021-11-29,2021-11-29,0.9892280353233218
"Bakersfield, CA",2021-11-29,2021-11-29,0.9873411278240383
"Los Angeles, CA",2021-11-29,2021-11-29,0.9872300864662975
"Denver, CO",2021-11-29,2021-11-29,0.9877887056209147
"Albuquerque, NM",2021-11-29,2021-11-29,0.9863048640545458
"Colorado Springs, CO",2021-11-29,2021-11-29,0.9880371694453061
"Long Beach, CA",2021-11-29,2021-11-29,0.9873035124037415
"Louisville, KY",2021-12-13,2021-12-13,0.9877771604806185
"New York City, NY",2021-12-13,2021-12-27,0.9835843355976976
"Arlington, TX",2021-12-27,2021-12-27,0.9870705923531204
"Minneapolis, MN",2021-12-27,2021-12-27,0.984570531087229
"Colorado Springs, CO",2021-12-27,2021-12-27,0.9874200951308012
"Dallas, TX",2021-12-27,2021-12-27,0.9864087980240583
"Denver, CO",2021-12-27,2021-12-27,0.9874405283480883
"Memphis, TN",2022-01-10,2022-01-10,0.9886916386894882
"Raleigh, NC",2022-01-10,2022-01-10,0.9905426581390202
"New York City, NY",2022-01-24,2022-02-07,0.9832382140448317
"Tempe, AZ",2022-01-24,2022-01-24,0.9877335045021027
"Wichita, KS",2022-01-24,2022-01-24,0.9876284839119762
"Oakland, CA",2022-01-24,2022-01-24,0.9883042513392866
"Atlanta, GA",2022-01-24,2022-01-24,0.988347674254328
"Kansas City, MO",2022-01-24,2022-01-24,0.987641389714554
"Mesa, AZ",2022-01-24,2022-01-24,0.9877021766733378
"Sacramento, CA",2022-01-24,2022-01-24,0.9890877893194556
"Oklahoma City, OK",2022-01-24,2022-01-24,0.9868677586782724
"San Francisco, CA",2022-01-24,2022-01-24,0.9846739327476826
"San Jose, CA",2022-01-24,2022-01-24,0.9884918197058141
"Phoenix, AZ",2022-01-24,2022-01-24,0.9872858251910657
"Colorado Springs, CO",2022-02-07,2022-02-07,0.9857259425334632
"Long Beach, CA",2022-02-07,2022-02-07,0.987570776604116
"Denver, CO",2022-02-07,2022-02-07,0.9857851054985076
"Houston, TX",2022-02-07,2022-02-07,0.9881007722578943
"El Paso, TX",2022-02-07,2022-02-07,0.9858009074814618
"Boston, MA",2022-02-21,2022-02-21,0.9852143157622777
"Tempe, AZ",2022-02-21,2022-02-21,0.9870885815471411
"New York City, NY",2022-02-21,2022-03-07,0.984169568750076
"Denver, CO",2022-03-07,2022-03-07,0.98476695275167
"Albuquerque, NM",2022-03-07,2022-03-07,0.985743971192278
"Fresno, CA",2022-03-07,2022-03-07,0.9882174422964454
"New York City, NY",2022-03-07,2022-03-21,0.9838163328240626
"Philadelphia, PA",2022-03-21,2022-03-21,0.9855746708344668
"Washington, DC",2022-03-21,2022-03-21,0.9866057673934847
"Baltimore, MD",2022-03-21,2022-03-21,0.9871874095406383
"Raleigh, NC",2022-03-21,2022-03-21,0.9902198184281588
"Virginia Beach, VA",2022-03-21,2022-03-21,0.9905915162526071
"New York City, NY",2022-03-21,2022-04-04,0.9842286180646624
"Tempe, AZ",2022-04-04,2022-04-04,0.9872254584915936
"Atlanta, GA",2022-04-04,2022-04-04,0.9889194057323039
"New York City, NY",2022-04-04,2022-04-18,0.9847487616061699
"Mesa, AZ",2022-04-04,2022-04-04,0.9873597715049982
"Phoenix, AZ",2022-04-04,2022-04-04,0.9867333876900375
"Tucson, AZ",2022-04-04,2022-04-04,0.9864010908640921
"Long Beach, CA",2022-04-18,2022-04-18,0.9870388866402209
"Colorado Springs, CO",2022-04-18,2022-04-18,0.9868501748424023
"El Paso, TX",2022-04-18,2022-04-18,0.9861073496285826
"New York City, NY",2022-04-18,2022-05-02,0.9844621613738127
"San Diego, CA",2022-04-18,2022-04-18,0.9865790081676096
"Houston, TX",2022-04-18,2022-04-18,0.9892007913440466
"Denver, CO",2022-04-18,2022-04-18,0.9873243113979697
"Los Angeles, CA",2022-04-18,2022-04-18,0.9867098757531494
"Phoenix, AZ",2022-05-02,2022-05-02,0.9866815337445587
"Mesa, AZ",2022-05-02,2022-05-02,0.9872106916736811
"Tempe, AZ",2022-05-02,2022-05-02,0.9870578646659851
"New York City, NY",2022-05-02,2022-05-16,0.9861367518315092
"Colorado Springs, CO",2022-05-16,2022-05-16,0.9857289382489398
"Arlington, TX",2022-05-16,2022-05-16,0.9906513430178165
"Minneapolis, MN",2022-05-16,2022-05-16,0.9882374191656709
"Kansas City, MO",2022-05-16,2022-05-16,0.9904291587881744
"Albuquerque, NM",2022-05-16,2022-05-16,0.9867224271874875
"Fresno, CA",2022-05-16,2022-05-16,0.9878842083271593
"Denver, CO",2022-05-16,2022-05-16,0.9873500338289887
"Dallas, TX",2022-05-16,2022-05-16,0.9892372698523104
"Houston, TX",2022-05-16,2022-05-16,0.9883429468609393
"Virginia Beach, VA",2022-05-30,2022-05-30,0.9865846249740571
"Raleigh, NC",2022-05-30,2022-05-30,0.9928660402074456
"New York City, NY",2022-05-30,2022-06-13,0.9854916175827384
"San Diego, CA",2022-05-30,2022-05-30,0.9875404776539654
"Las Vegas, NV",2022-05-30,2022-05-30,0.9860906708054245
"Philadelphia, PA",2022-05-30,2022-05-30,0.9856685384875163
"New York City, NY",2022-06-13,2022-06-27,0.9865667251870036
"Arlington, TX",2022-06-13,2022-06-13,0.9903928562998772
"Wichita, KS",2022-06-13,2022-06-13,0.9909751475788653
"Mesa, AZ",2022-06-13,2022-06-13,0.9870989213231951
"Oakland, CA",2022-06-13,2022-06-13,0.9881975445896387
"Tucson, AZ",2022-06-13,2022-06-13,0.9862870665965602
"Sacramento, CA",2022-06-13,2022-06-13,0.9895530114881694
"Tempe, AZ",2022-06-13,2022-06-13,0.9869981585070491
"Phoenix, AZ",2022-06-13,2022-06-13,0.9864392257295549
"Oklahoma City, OK",2022-06-13,2022-06-13,0.9896436082199216
"Fort Worth, TX",2022-06-13,2022-06-13,0.9890645015984774
"San Francisco, CA",2022-06-13,2022-06-13,0.9853593738516793
"San Jose, CA",2022-06-13,2022-06-13,0.9883800614625216
"Austin, TX",2022-06-13,2022-06-13,0.9896770524792373
"San Antonio, TX",2022-06-13,2022-06-13,0.9885624111630023
"Dallas, TX",2022-06-13,2022-06-13,0.9889776478521526
"Los Angeles, CA",2022-06-27,2022-06-27,0.9863030662527308
"San Diego, CA",2022-06-27,2022-06-27,0.9874131483957171
"El Paso, TX",2022-06-27,2022-06-27,0.9859265680424869
"Colorado Springs, CO",2022-06-27,2022-06-27,0.9893724247813225
"Long Beach, CA",2022-06-27,2022-06-27,0.9866969629656523
"New York City, NY",2022-06-27,2022-07-11,0.9857067324919626
"New York City, NY",2022-07-11,2022-07-25,0.9861935876542702
"Louisville, KY",2022-07-11,2022-07-11,0.9884313447400928
"Portland, OR",2022-07-11,2022-07-11,0.9908710983581841
"Nashville, TN",2022-07-11,2022-07-11,0.988706171978265
"Boston, MA",2022-07-11,2022-07-11,0.9875689072068781
"Charlotte, NC",2022-07-25,2022-07-25,0.9908750713802874
"Bakersfield, CA",2022-07-25,2022-07-25,0.9872748833149672
"Colorado Springs, CO",2022-07-25,2022-07-25,0.986276786075905
"Arlington, TX",2022-07-25,2022-07-25,0.9891958367079496
"Houston, TX",2022-07-25,2022-07-25,0.988096164772287
"Austin, TX",2022-07-25,2022-07-25,0.9891416705213487
"Dallas, TX",2022-07-25,2022-07-25,0.9882473978213966
"New York City, NY",2022-07-25,2022-08-08,0.9859708102885634
"Fresno, CA",2022-07-25,2022-07-25,0.9876569116022438
"Philadelphia, PA",2022-08-08,2022-08-08,0.9842181481217267
"Washington, DC",2022-08-08,2022-08-08,0.985848750337027
"Memphis, TN",2022-08-08,2022-08-08,0.9905451526865363
"Baltimore, MD",2022-08-08,2022-08-08,0.9867180902510881
"Virginia Beach, VA",2022-08-08,2022-08-08,0.9925445439293981
"New York City, NY",2022-08-08,2022-08-22,0.985777537105605
"San Jose, CA",2022-08-22,2022-08-22,0.9881078384350985
"Sacramento, CA",2022-08-22,2022-08-22,0.9890655912458897
"Mesa, AZ",2022-08-22,2022-08-22,0.9873582201544195
"Tempe, AZ",2022-08-22,2022-08-22,0.986936666071415
"Tucson, AZ",2022-08-22,2022-08-22,0.9870504897553474
"New York City, NY",2022-08-22,2022-09-05,0.9859032998792827
"Phoenix, AZ",2022-08-22,2022-08-22,0.9863519484642893
"Los Angeles, CA",2022-09-05,2022-09-05,0.9861357193440199
"San Diego, CA",2022-09-05,2022-09-05,0.987253055209294
"Denver, CO",2022-09-05,2022-09-05,0.9898176756687462
"El Paso, TX",2022-09-05,2022-09-05,0.9867582798469812
"Colorado Springs, CO",2022-09-05,2022-09-05,0.9896917114965618
"Long Beach, CA",2022-09-05,2022-09-05,0.9865032171364874
"Bakersfield, CA",2022-09-05,2022-09-05,0.9869586566928774
"Tampa, FL",2022-09-05,2022-09-05,0.9888457711786032
"New York City, NY",2022-09-05,2022-09-19,0.9856478817528114
"Tempe, AZ",2022-09-19,2022-09-19,0.9870856017805636
"Mesa, AZ",2022-09-19,2022-09-19,0.9871812341734767
"Louisville, KY",2022-09-19,2022-09-19,0.9884148347191513
"Portland, OR",2022-09-19,2022-09-19,0.9904289641417563
"Seattle, WA",2022-09-19,2022-09-19,0.9895432759076357
"Phoenix, AZ",2022-09-19,2022-09-19,0.9866341052111238
"Fresno, CA",2022-10-03,2022-10-03,0.9879103384446353
"Bakersfield, CA",2022-10-03,2022-10-03,0.9872877104207873
"Arlington, TX",2022-10-03,2022-10-03,0.9905114066787064
"Dallas, TX",2022-10-03,2022-10-03,0.9891740139573812
"Denver, CO",2022-10-03,2022-10-03,0.9888133127242327
"New York City, NY",2022-10-03,2022-10-17,0.9852197763393633
"Kansas City, MO",2022-10-03,2022-10-03,0.9892800953239202
"San Diego, CA",2022-10-17,2022-10-17,0.9875590947922319
"Las Vegas, NV",2022-10-17,2022-10-17,0.9860438129398972
"Memphis, TN",2022-10-17,2022-10-17,0.9902247977443039
"Raleigh, NC",2022-10-17,2022-10-17,0.9924553148448467
"Omaha, NE",2022-10-31,2022-10-31,0.9879011234734207
"Tempe, AZ",2022-10-31,2022-10-31,0.9875127987470478
"Wichita, KS",2022-10-31,2022-10-31,0.9890166753903031
"Mesa, AZ",2022-10-31,2022-10-31,0.9877672200091183
"Tucson, AZ",2022-10-31,2022-10-31,0.9873506042640656
"Oklahoma City, OK",2022-10-31,2022-10-31,0.98869289457798
"Dallas, TX",2022-10-31,2022-10-31,0.9891710933297873
"Phoenix, AZ",2022-10-31,2022-10-31,0.9871132243424654
"Denver, CO",2022-11-14,2022-11-14,0.9854815853759646
"Washington, DC",2022-11-14,2022-11-14,0.987911832286045
"El Paso, TX",2022-11-14,2022-11-14,0.9865893532987684
"Colorado Springs, CO",2022-11-14,2022-11-14,0.9875890617258847
"Tampa, FL",2022-11-14,2022-11-14,0.9884249758906662
"Charlotte, NC",2022-12-12,2022-12-12,0.9888407648541033
"Philadelphia, PA",2022-12-26,2022-12-26,0.9850944686913863
"Virginia Beach, VA",2022-12-26,2022-12-26,0.990474040620029
"Oklahoma City, OK",2023-01-09,2023-01-09,0.9869994481559843
"Tucson, AZ",2023-01-09,2023-01-09,0.9871078131254762
"Atlanta, GA",2023-01-09,2023-01-09,0.9877581254113466
"Wichita, KS",2023-01-09,2023-01-09,0.9874817687086761
"New York City, NY",2023-01-23,2023-02-06,0.9846357949427329
"Long Beach, CA",2023-01-23,2023-01-23,0.9875223292037845
"Raleigh, NC",2023-01-23,2023-01-23,0.9901021681725979
"Houston, TX",2023-01-23,2023-01-23,0.9879337409511209
"Phoenix, AZ",2023-02-06,2023-02-06,0.9870906018186361
"Nashville, TN",2023-02-06,2023-02-06,0.9877300744410604
"Louisville, KY",2023-02-06,2023-02-06,0.9860899397172034
"Mesa, AZ",2023-02-06,2023-02-06,0.987432217458263
"Tempe, AZ",2023-02-06,2023-02-06,0.9873122859280556
"Raleigh, NC",2023-03-06,2023-03-06,0.9900090009905398
"Miami, FL",2023-03-06,2023-03-06,0.9835204379050992
"Virginia Beach, VA",2023-03-06,2023-03-06,0.9906371664255857
"Omaha, NE",2023-03-20,2023-03-20,0.9864081412088126
"Minneapolis, MN",2023-03-20,2023-03-20,0.9849078538245521
"New York City, NY",2023-03-20,2023-04-03,0.9842558410018682
"Colorado Springs, CO",2023-04-03,2023-04-03,0.986606607446447
"New York City, NY",2023-04-03,2023-04-17,0.9840195503493305
"Long Beach, CA",2023-04-03,2023-04-03,0.9862022569868714
"Albuquerque, NM",2023-04-03,2023-04-03,0.9861685318173841
"El Paso, TX",2023-04-03,2023-04-03,0.9852250478579663
"Los Angeles, CA",2023-04-03,2023-04-03,0.9866858571767807
"Phoenix, AZ",2023-04-17,2023-04-17,0.9869993452448398
"Nashville, TN",2023-04-17,2023-04-17,0.9899886553175747
"Mesa, AZ",2023-04-17,2023-04-17,0.9874500390142202
"Tempe, AZ",2023-04-17,2023-04-17,0.9872950001154095
"Houston, TX",2023-05-01,2023-05-01,0.9894380541518331
"Albuquerque, NM",2023-05-01,2023-05-01,0.9860043055377901
"Kansas City, MO",2023-05-01,2023-05-01,0.9897004421800375
"Colorado Springs, CO",2023-05-01,2023-05-01,0.9850074723944999
"Minneapolis, MN",2023-05-01,2023-05-01,0.9868935032282025
"Arlington, TX",2023-05-01,2023-05-01,0.9909075815230608
"New York City, NY",2023-05-01,2023-05-15,0.986250463523902
"Baltimore, MD",2023-05-15,2023-05-15,0.989480022341013
"Las Vegas, NV",2023-05-15,2023-05-15,0.986013411777094
"New York City, NY",2023-05-15,2023-05-29,0.9866416463628411
"Washington, DC",2023-05-15,2023-05-15,0.9892241451889277
"Portland, OR",2023-05-15,2023-05-15,0.9904675991274416
"Minneapolis, MN",2023-05-29,2023-05-29,0.988768785726279
"Kansas City, MO",2023-05-29,2023-05-29,0.9896391443908215
"Tempe, AZ",2023-05-29,2023-05-29,0.9871768848970532
"Mesa, AZ",2023-05-29,2023-05-29,0.9872690653428435
"New York City, NY",2023-05-29,2023-06-12,0.9860509956488386
"Detroit, MI",2023-05-29,2023-05-29,0.9890488293021917
"Phoenix, AZ",2023-05-29,2023-05-29,0.9867479028180242
"Tucson, AZ",2023-05-29,2023-05-29,0.9868244149256498
"Boston, MA",2023-05-29,2023-05-29,0.9877303070388734
"Dallas, TX",2023-05-29,2023-05-29,0.9887993172742426
"Houston, TX",2023-06-12,2023-06-12,0.9875718110706657
"El Paso, TX",2023-06-12,2023-06-12,0.9860755854751915
"Albuquerque, NM",2023-06-12,2023-06-12,0.9870530068874359
"New York City, NY",2023-06-12,2023-06-26,0.9857479322236031
"Phoenix, AZ",2023-06-26,2023-06-26,0.9866003822535276
"Nashville, TN",2023-06-26,2023-06-26,0.9898083144798875
"Louisville, KY",2023-06-26,2023-06-26,0.9893516828306019
"Mesa, AZ",2023-06-26,2023-06-26,0.9871473198290914
"Tempe, AZ",2023-06-26,2023-06-26,0.9870867105200887
"New York City, NY",2023-06-26,2023-07-10,0.98522835545009
"New York City, NY",2023-07-10,2023-07-24,0.9856149549596012
"Arlington, TX",2023-07-10,2023-07-10,0.989717717282474
"Bakersfield, CA",2023-07-10,2023-07-10,0.987414303701371
"Minneapolis, MN",2023-07-10,2023-07-10,0.9891600832343102
"Colorado Springs, CO",2023-07-10,2023-07-10,0.9886217531748116
"Kansas City, MO",2023-07-10,2023-07-10,0.989897589199245
"Austin, TX",2023-07-10,2023-07-10,0.9896198683418334
"Houston, TX",2023-07-10,2023-07-10,0.9867677623406053
"Chicago, IL",2023-07-24,2023-07-24,0.9845249097124906
"Las Vegas, NV",2023-07-24,2023-07-24,0.9858271287521347
"Memphis, TN",2023-07-24,2023-07-24,0.9895969270728528
"Milwaukee, WI",2023-07-24,2023-07-24,0.9862452538218349
"Miami, FL",2023-07-24,2023-07-24,0.9856981630437076
"New York City, NY",2023-07-24,2023-08-07,0.9858206926146522
"New York City, NY",2023-08-07,2023-08-21,0.9856756696244702
"Tempe, AZ",2023-08-07,2023-08-07,0.9866505148820579
"Wichita, KS",2023-08-07,2023-08-07,0.9904952724464238
"Oakland, CA",2023-08-07,2023-08-07,0.9880663852673024
"Atlanta, GA",2023-08-07,2023-08-07,0.9904846758581698
"Sacramento, CA",2023-08-07,2023-08-07,0.9893223317340016
"Mesa, AZ",2023-08-07,2023-08-07,0.9868277532514185
"Oklahoma City, OK",2023-08-07,2023-08-07,0.9891907437704504
"San Francisco, CA",2023-08-07,2023-08-07,0.9849656609585509
"Austin, TX",2023-08-07,2023-08-07,0.9891858617775142
"San Jose, CA",2023-08-07,2023-08-07,0.9882320074830204
"San Antonio, TX",2023-08-07,2023-08-07,0.9885063297115266
"Phoenix, AZ",2023-08-07,2023-08-07,0.9861928827594966
"Tampa, FL",2023-08-21,2023-08-21,0.9866979990620166
"Long Beach, CA",2023-08-21,2023-08-21,0.9860147398430854
"Colorado Springs, CO",2023-08-21,2023-08-21,0.990013784263283
"New York City, NY",2023-08-21,2023-09-04,0.9860484959790483
"El Paso, TX",2023-08-21,2023-08-21,0.9855503123253584
"Denver, CO",2023-08-21,2023-08-21,0.9898758316412568
"Jacksonville, FL",2023-08-21,2023-08-21,0.9875451549887657
"Los Angeles, CA",2023-08-21,2023-08-21,0.9860140709206462
"Tempe, AZ",2023-09-04,2023-09-04,0.9868730921298265
"Mesa, AZ",2023-09-04,2023-09-04,0.9869436556473374
"New York City, NY",2023-09-04,2023-09-18,0.9853277467773296
"Nashville, TN",2023-09-04,2023-09-04,0.9867038698866963
"Phoenix, AZ",2023-09-04,2023-09-04,0.9863664007280022
"Boston, MA",2023-09-04,2023-09-04,0.9873204906471074
"Denver, CO",2023-09-18,2023-09-18,0.9875233783386648
"Albuquerque, NM",2023-09-18,2023-09-18,0.9869132172316313
"Kansas City, MO",2023-09-18,2023-09-18,0.9891182044520974
"Colorado Springs, CO",2023-09-18,2023-09-18,0.9873199420981109
"Bakersfield, CA",2023-09-18,2023-09-18,0.9873258206062019
"Arlington, TX",2023-09-18,2023-09-18,0.9899612627923489
"New York City, NY",2023-09-18,2023-10-02,0.9858700059121475
"Houston, TX",2023-09-18,2023-09-18,0.9882830320857465
"Dallas, TX",2023-09-18,2023-09-18,0.9885616227984428
"Austin, TX",2023-09-18,2023-09-18,0.9889559773728251
"Charlotte, NC",2023-09-18,2023-09-18,0.9899888448417187
"Milwaukee, WI",2023-10-02,2023-10-02,0.9857539508957416
"Baltimore, MD",2023-10-02,2023-10-02,0.9888155772350729
"Virginia Beach, VA",2023-10-02,2023-10-02,0.9927970673888922
"Memphis, TN",2023-10-02,2023-10-02,0.9887585737742484
"New York City, NY",2023-10-02,2023-10-16,0.9849348563002422
"Washington, DC",2023-10-02,2023-10-02,0.9884815625846386
"Las Vegas, NV",2023-10-02,2023-10-02,0.9864154399838299
"Chicago, IL",2023-10-02,2023-10-02,0.9848154222709127
"Raleigh, NC",2023-10-02,2023-10-02,0.9929382270202041
"Philadelphia, PA",2023-10-02,2023-10-02,0.9863743192981929
"San Diego, CA",2023-10-02,2023-10-02,0.9877721548546106
"Austin, TX",2023-10-16,2023-10-16,0.9903207495808601
"Fort Worth, TX",2023-10-16,2023-10-16,0.9895256524905562
"Tucson, AZ",2023-10-16,2023-10-16,0.98663684213534
"Tempe, AZ",2023-10-16,2023-10-16,0.9869905586820096
"Wichita, KS",2023-10-16,2023-10-16,0.9902171944268048
"Dallas, TX",2023-10-16,2023-10-16,0.9894501771777868
"Arlington, TX",2023-10-16,2023-10-16,0.991007671225816
"San Antonio, TX",2023-10-16,2023-10-16,0.9889405593276024
"Phoenix, AZ",2023-10-16,2023-10-16,0.9865888711065054
"Oklahoma City, OK",2023-10-16,2023-10-16,0.9894286599010229
"Mesa, AZ",2023-10-16,2023-10-16,0.9871501366142184
"Omaha, NE",2023-10-16,2023-10-16,0.9892279356718063
"Minneapolis, MN",2023-10-16,2023-10-16,0.9889238486066461
"Colorado Springs, CO",2023-10-30,2023-10-30,0.9861075453227386
"Albuquerque, NM",2023-10-30,2023-10-30,0.987063065636903
"Bakersfield, CA",2023-10-30,2023-10-30,0.9878254940267652
"Raleigh, NC",2023-10-30,2023-10-30,0.9921510387212038
"New York City, NY",2023-10-30,2023-11-13,0.9844892905675806
"El Paso, TX",2023-10-30,2023-10-30,0.9858714870642871
"Denver, CO",2023-10-30,2023-10-30,0.9858448827872053
"Charlotte, NC",2023-10-30,2023-10-30,0.9900965793058276
"San Diego, CA",2023-10-30,2023-10-30,0.9885101835243404
"Jacksonville, FL",2023-10-30,2023-10-30,0.9857023265212774
"Phoenix, AZ",2023-11-13,2023-11-13,0.986840317491442
"Indianapolis, IN",2023-11-13,2023-11-13,0.9889016635715961
"Boston, MA",2023-11-13,2023-11-13,0.9867092827335
"Mesa, AZ",2023-11-13,2023-11-13,0.9871962361503392
"Tempe, AZ",2023-11-13,2023-11-13,0.9872193797491491
"New York City, NY",2023-11-13,2023-11-27,0.9844633923494257
"Colorado Springs, CO",2023-11-27,2023-11-27,0.9880133788101375
"Kansas City, MO",2023-11-27,2023-11-27,0.9860766468336806
"Arlington, TX",2023-11-27,2023-11-27,0.990563134662807
"Charlotte, NC",2023-11-27,2023-11-27,0.9895601291209459
"Fresno, CA",2023-11-27,2023-11-27,0.987971746828407
"New York City, NY",2023-12-11,2023-12-25,0.9841064560750965
"Raleigh, NC",2023-12-11,2023-12-11,0.9904071600176394
"Memphis, TN",2023-12-11,2023-12-11,0.9885313422419131
"Phoenix, AZ",2023-12-25,2023-12-25,0.9868312526959926
"Austin, TX",2023-12-25,2023-12-25,0.9891537660732865
"Fort Worth, TX",2023-12-25,2023-12-25,0.9892202997580171
"Tucson, AZ",2023-12-25,2023-12-25,0.9869754202663898
"Mesa, AZ",2023-12-25,2023-12-25,0.9874081185553223
"Arlington, TX",2023-12-25,2023-12-25,0.9894953267648816
"Tempe, AZ",2023-12-25,2023-12-25,0.9874666510149837
"New York City, NY",2024-01-08,2024-01-22,0.9833928933367133
"El Paso, TX",2024-01-08,2024-01-08,0.9859192799776793
"Louisville, KY",2024-01-22,2024-01-22,0.9846408441662788
"Dallas, TX",2024-02-05,2024-02-05,0.987432804889977
"Albuquerque, NM",2024-02-05,2024-02-05,0.9859866227488965
"Fresno, CA",2024-02-05,2024-02-05,0.9885903825052083
"Colorado Springs, CO",2024-02-05,2024-02-05,0.9854812227422372
"Arlington, TX",2024-02-05,2024-02-05,0.9883589781820774
"Virginia Beach, VA",2024-02-19,2024-02-19,0.9903450547717512
"Raleigh, NC",2024-02-19,2024-02-19,0.990046160761267
"Memphis, TN",2024-02-19,2024-02-19,0.9880137550644577
"Washington, DC",2024-02-19,2024-02-19,0.9869130055885762
"Philadelphia, PA",2024-02-19,2024-02-19,0.9852330072317272
"Phoenix, AZ",2024-03-04,2024-03-04,0.9867514939978719
"Dallas, TX",2024-03-04,2024-03-04,0.9865175418090075
"Tucson, AZ",2024-03-04,2024-03-04,0.9868307358119637
"Tempe, AZ",2024-03-04,2024-03-04,0.9871828206814826
"New York City, NY",2024-03-04,2024-03-18,0.9840762699022889
"Colorado Springs, CO",2024-03-18,2024-03-18,0.9850606676191092
"New York City, NY",2024-03-18,2024-04-01,0.9843463944562245
"Denver, CO",2024-03-18,2024-03-18,0.9861150562064722
"Portland, OR",2024-04-01,2024-04-01,0.9890167703852057
"Charlotte, NC",2024-04-15,2024-04-15,0.9909127415157855
"Denver, CO",2024-04-15,2024-04-15,0.9878053965512663
"Albuquerque, NM",2024-04-15,2024-04-15,0.986617571907118
"Colorado Springs, CO",2024-04-15,2024-04-15,0.98763807117939
"New York City, NY",2024-04-15,2024-04-29,0.9842032688902691
"Miami, FL",2024-04-29,2024-04-29,0.9852739067864604
"New York City, NY",2024-04-29,2024-05-13,0.9850457818829454
"Virginia Beach, VA",2024-04-29,2024-04-29,0.9921915326267481
"Raleigh, NC",2024-04-29,2024-04-29,0.9926541484892368
"Washington, DC",2024-04-29,2024-04-29,0.9886593823321164
"Philadelphia, PA",2024-04-29,2024-04-29,0.9860290018841624
"Baltimore, MD",2024-04-29,2024-04-29,0.9882839499041438
"Columbus, OH",2024-05-13,2024-05-13,0.9918126044794917
"Boston, MA",2024-05-13,2024-05-13,0.9868844265583903
"Tucson, AZ",2024-05-13,2024-05-13,0.9867957008536905
"Phoenix, AZ",2024-05-13,2024-05-13,0.9866435492876917
"New York City, NY",2024-05-13,2024-05-27,0.9864490269683301
"Detroit, MI",2024-05-13,2024-05-13,0.9891948439180851
"Sacramento, CA",2024-05-13,2024-05-13,0.9901183405891061
"Mesa, AZ",2024-05-13,2024-05-13,0.9871957739815116
"Tempe, AZ",2024-05-13,2024-05-13,0.9870367080438882
"Jacksonville, FL",2024-05-27,2024-05-27,0.9874836390372366
"Denver, CO",2024-05-27,2024-05-27,0.9895988050848246
"El Paso, TX",2024-05-27,2024-05-27,0.9860021413769573
"Colorado Springs, CO",2024-05-27,2024-05-27,0.9893455412238836
"Portland, OR",2024-06-10,2024-06-10,0.9908393071964383
"Phoenix, AZ",2024-06-10,2024-06-10,0.9866489383857697
"Mesa, AZ",2024-06-10,2024-06-10,0.9870670903474092
"Tempe, AZ",2024-06-10,2024-06-10,0.9869235523510724
"Nashville, TN",2024-06-10,2024-06-10,0.9903477034531534
"Dallas, TX",2024-06-24,2024-06-24,0.9876448244322091
"Albuquerque, NM",2024-06-24,2024-06-24,0.9867655199486762
"Kansas City, MO",2024-06-24,2024-06-24,0.9900798443704844
"Arlington, TX",2024-06-24,2024-06-24,0.9884205707348883
"New York City, NY",2024-07-08,2024-07-22,0.9832432417897508
"Seattle, WA",2024-07-08,2024-07-08,0.9900181298144162
"Portland, OR",2024-07-08,2024-07-08,0.990555209107697
"Phoenix, AZ",2024-07-22,2024-07-22,0.986349782673642
"Mesa, AZ",2024-07-22,2024-07-22,0.9869390651583672
"Minneapolis, MN",2024-07-22,2024-07-22,0.9886215645819902
"Wichita, KS",2024-07-22,2024-07-22,0.9894491401501
"Tempe, AZ",2024-07-22,2024-07-22,0.9867754785809666
"New York City, NY",2024-08-05,2024-08-19,0.9856113360729069
"Long Beach, CA",2024-08-05,2024-08-05,0.9863734233658761
"Colorado Springs, CO",2024-08-05,2024-08-05,0.989557224791497
"Albuquerque, NM",2024-08-05,2024-08-05,0.9869959754869342
"Washington, DC",2024-08-05,2024-08-05,0.9883674150332808
"El Paso, TX",2024-08-05,2024-08-05,0.9857761433813721
"Phoenix, AZ",2024-08-19,2024-08-19,0.9862521877512336
"Mesa, AZ",2024-08-19,2024-08-19,0.9868608554825187
"Tempe, AZ",2024-08-19,2024-08-19,0.9867020177189261
"New York City, NY",2024-08-19,2024-09-02,0.9855059034889564
"Fresno, CA",2024-09-02,2024-09-02,0.9877126382198185
"Minneapolis, MN",2024-09-02,2024-09-02,0.9894399545155466
"Bakersfield, CA",2024-09-02,2024-09-02,0.9871925539337099
"Charlotte, NC",2024-09-02,2024-09-02,0.9899281756952405
"Albuquerque, NM",2024-09-02,2024-09-02,0.9870763500221074
"New York City, NY",2024-09-02,2024-09-16,0.9855522537836805
"Colorado Springs, CO",2024-09-02,2024-09-02,0.9902459471486509
"Portland, OR",2024-09-16,2024-09-16,0.9904486066661775
"Las Vegas, NV",2024-09-16,2024-09-16,0.985975532210432
"Oakland, CA",2024-09-30,2024-09-30,0.9879676152486354
"Tucson, AZ",2024-09-30,2024-09-30,0.9868167783133686
"Omaha, NE",2024-09-30,2024-09-30,0.9888128032907844
"Kansas City, MO",2024-09-30,2024-09-30,0.9894586433656514
"Mesa, AZ",2024-09-30,2024-09-30,0.9870514799840748
"Wichita, KS",2024-09-30,2024-09-30,0.9906596927903593
"Arlington, TX",2024-09-30,2024-09-30,0.9905907176434994
"Tempe, AZ",2024-09-30,2024-09-30,0.9868854226078838
"Oklahoma City, OK",2024-09-30,2024-09-30,0.9890405833721161
"San Jose, CA",2024-09-30,2024-09-30,0.9882616114336997
"Dallas, TX",2024-09-30,2024-09-30,0.9889554805122316
"Phoenix, AZ",2024-09-30,2024-09-30,0.986331103136763
"San Francisco, CA",2024-09-30,2024-09-30,0.9845376503653824
"Fort Worth, TX",2024-09-30,2024-09-30,0.9898247187957168
"Austin, TX",2024-09-30,2024-09-30,0.9894649991765618
"San Antonio, TX",2024-09-30,2024-09-30,0.9890873762778938
"Raleigh, NC",2024-10-14,2024-10-14,0.9928180705755949
"Colorado Springs, CO",2024-10-14,2024-10-14,0.9894017484039068
"Albuquerque, NM",2024-10-14,2024-10-14,0.9869807905051857
"Bakersfield, CA",2024-10-14,2024-10-14,0.9870804797392339
"Denver, CO",2024-10-14,2024-10-14,0.9895004355348647
"Houston, TX",2024-10-14,2024-10-14,0.9882227960042655
"Charlotte, NC",2024-10-14,2024-10-14,0.9907240835018456
"El Paso, TX",2024-10-14,2024-10-14,0.9861781102372333
"Phoenix, AZ",2024-10-28,2024-10-28,0.9866977096535265
"Mesa, AZ",2024-10-28,2024-10-28,0.9870271100662649
"Tempe, AZ",2024-10-28,2024-10-28,0.9869721150025725
"Colorado Springs, CO",2024-11-11,2024-11-11,0.9856480126036331
"Kansas City, MO",2024-11-11,2024-11-11,0.9885733341798186
"Austin, TX",2024-11-11,2024-11-11,0.9894885579124093
"Dallas, TX",2024-11-11,2024-11-11,0.9883637465536594
"Houston, TX",2024-11-11,2024-11-11,0.987552639329806
"Washington, DC",2024-11-25,2024-11-25,0.9877625640947372
"Raleigh, NC",2024-11-25,2024-11-25,0.9914376200176775
"Virginia Beach, VA",2024-11-25,2024-11-25,0.991387371905148
"San Antonio, TX",2024-12-09,2024-12-09,0.989122258964926
"San Jose, CA",2024-12-09,2024-12-09,0.9885940765962005
"Austin, TX",2024-12-09,2024-12-09,0.9896758277900517
"Tempe, AZ",2024-12-09,2024-12-09,0.9871982568874955
"Mesa, AZ",2024-12-09,2024-12-09,0.9872567183338106
"Phoenix, AZ",2024-12-09,2024-12-09,0.9868722215760499
"Fort Worth, TX",2024-12-09,2024-12-09,0.988996310159564
"Tucson, AZ",2024-12-09,2024-12-09,0.9872080741915852
"Omaha, NE",2024-12-09,2024-12-09,0.9873863838147372
"Oakland, CA",2024-12-09,2024-12-09,0.9885331634432077
"Arlington, TX",2024-12-09,2024-12-09,0.9898062720894814
"Houston, TX",2024-12-23,2024-12-23,0.9885156229138374
"Charlotte, NC",2024-12-23,2024-12-23,0.9887245357967913
"Denver, CO",2024-12-23,2024-12-23,0.9865915812551975
"Washington, DC",2024-12-23,2024-12-23,0.9870289228856564
"Raleigh, NC",2024-12-23,2024-12-23,0.9904290474951267
"Tampa, FL",2024-12-23,2024-12-23,0.9885145765729249
"Phoenix, AZ",2025-01-06,2025-01-06,0.9868211457505822
"Mesa, AZ",2025-01-06,2025-01-06,0.9870939068496227
"Tempe, AZ",2025-01-06,2025-01-06,0.987167134648189
"Bakersfield, CA",2025-01-20,2025-01-20,0.9873985266312957
"Fresno, CA",2025-01-20,2025-01-20,0.986232687602751
"New York City, NY",2025-01-20,2025-02-03,0.9841099941113498
"Charlotte, NC",2025-01-20,2025-01-20,0.9888378395698965
"Albuquerque, NM",2025-01-20,2025-01-20,0.9853108629467897
"Memphis, TN",2025-02-03,2025-02-03,0.9875191405881196
"Raleigh, NC",2025-02-03,2025-02-03,0.9895838014781475
"Dallas, TX",2025-02-17,2025-02-17,0.9875705575104803
"Fort Worth, TX",2025-02-17,2025-02-17,0.9884465700015426
"Tucson, AZ",2025-02-17,2025-02-17,0.9862033291719854
"Atlanta, GA",2025-02-17,2025-02-17,0.9881190278101712
"Arlington, TX",2025-02-17,2025-02-17,0.9887259681709111
"Tampa, FL",2025-03-03,2025-03-03,0.9882219496648759
"Raleigh, NC",2025-03-03,2025-03-03,0.9898413270711899
"Colorado Springs, CO",2025-03-03,2025-03-03,0.9871321634855121
"Charlotte, NC",2025-03-03,2025-03-03,0.9885585643351078
"Washington, DC",2025-03-03,2025-03-03,0.9865147355012596
"Albuquerque, NM",2025-03-03,2025-03-03,0.9848495535261463
"San Diego, CA",2025-03-03,2025-03-03,0.9871544330380857
"New York City, NY",2025-03-17,2025-03-31,0.9846322022785898
"Nashville, TN",2025-03-17,2025-03-17,0.9881794876419008
"Colorado Springs, CO",2025-03-31,2025-03-31,0.9865376462694257
"Arlington, TX",2025-03-31,2025-03-31,0.9895475953817368
"Albuquerque, NM",2025-03-31,2025-03-31,0.9861878150841221
"Dallas, TX",2025-03-31,2025-03-31,0.9883430413901806
"Houston, TX",2025-04-14,2025-04-14,0.9878656691871583
"Seattle, WA",2025-04-14,2025-04-14,0.98897167108953
"Portland, OR",2025-04-14,2025-04-14,0.9899008888751268
"Memphis, TN",2025-04-14,2025-04-14,0.9893307937309146
"Raleigh, NC",2025-04-14,2025-04-14,0.9920492810197175
"Miami, FL",2025-04-14,2025-04-14,0.9851892765727825
"New York City, NY",2025-04-14,2025-04-28,0.9852331034489907
"Oakland, CA",2025-04-28,2025-04-28,0.9886135715059936
"Atlanta, GA",2025-04-28,2025-04-28,0.9899102342315018
"Mesa, AZ",2025-04-28,2025-04-28,0.9870983008295298
"Sacramento, CA",2025-04-28,2025-04-28,0.9901908524334431
"Tucson, AZ",2025-04-28,2025-04-28,0.9866318227723241
"San Jose, CA",2025-04-28,2025-04-28,0.9886663123033941
"Boston, MA",2025-04-28,2025-04-28,0.986559531185776
"San Francisco, CA",2025-04-28,2025-04-28,0.985131181019824
"Columbus, OH",2025-04-28,2025-04-28,0.9906996437348425
"Phoenix, AZ",2025-04-28,2025-04-28,0.9865886869374663
"Tempe, AZ",2025-04-28,2025-04-28,0.9869879861362278
"Nashville, TN",2025-04-28,2025-04-28,0.9899660740047693
"New York City, NY",2025-04-28,2025-05-12,0.9856315823271871
